[
   {
      "cs":{
         "1988":0,
         "1989":0,
         "1990":0,
         "1991":0,
         "1992":0,
         "1993":0,
         "1994":0,
         "1995":0,
         "1996":0,
         "1997":0,
         "1998":17,
         "1999":45,
         "2000":66,
         "2001":97,
         "2002":135,
         "2003":176,
         "2004":222,
         "2005":272,
         "2006":338,
         "2007":536,
         "2008":749,
         "2009":989,
         "2010":1251,
         "2011":1455,
         "2012":1770,
         "2013":2070,
         "2014":2350,
         "2015":2660,
         "2016":3220,
         "2017":3590,
         "2018":3863,
         "2019":4148,
         "2020":4363
      },
      "econ":{
         "1988":0,
         "1989":0,
         "1990":0,
         "1991":0,
         "1992":0,
         "1993":0,
         "1994":0,
         "1995":0,
         "1996":0,
         "1997":0,
         "1998":0,
         "1999":0,
         "2000":0,
         "2001":0,
         "2002":0,
         "2003":0,
         "2004":0,
         "2005":0,
         "2006":0,
         "2007":0,
         "2008":0,
         "2009":0,
         "2010":0,
         "2011":0,
         "2012":0,
         "2013":0,
         "2014":0,
         "2015":0,
         "2016":0,
         "2017":0,
         "2018":19,
         "2019":31,
         "2020":59
      },
      "eess":{
         "1988":0,
         "1989":0,
         "1990":0,
         "1991":0,
         "1992":0,
         "1993":0,
         "1994":0,
         "1995":0,
         "1996":0,
         "1997":0,
         "1998":0,
         "1999":0,
         "2000":0,
         "2001":0,
         "2002":0,
         "2003":0,
         "2004":0,
         "2005":0,
         "2006":0,
         "2007":0,
         "2008":0,
         "2009":0,
         "2010":0,
         "2011":0,
         "2012":0,
         "2013":0,
         "2014":0,
         "2015":0,
         "2016":0,
         "2017":0,
         "2018":162,
         "2019":315,
         "2020":412
      },
      "math":{
         "1988":0,
         "1989":0,
         "1990":0,
         "1991":0,
         "1992":0,
         "1993":0,
         "1994":0,
         "1995":0,
         "1996":0,
         "1997":11,
         "1998":48,
         "1999":419,
         "2000":564,
         "2001":636,
         "2002":1079,
         "2003":1180,
         "2004":1255,
         "2005":1450,
         "2006":1542,
         "2007":1706,
         "2008":1817,
         "2009":1905,
         "2010":2012,
         "2011":2101,
         "2012":2203,
         "2013":2349,
         "2014":2536,
         "2015":2624,
         "2016":2760,
         "2017":2828,
         "2018":2918,
         "2019":2966,
         "2020":3017
      },
      "physics":{
         "1988":0,
         "1989":0,
         "1990":0,
         "1991":0,
         "1992":0,
         "1993":0,
         "1994":0,
         "1995":0,
         "1996":0,
         "1997":52,
         "1998":148,
         "1999":814,
         "2000":942,
         "2001":983,
         "2002":1398,
         "2003":1548,
         "2004":2054,
         "2005":2275,
         "2006":2606,
         "2007":3059,
         "2008":3451,
         "2009":4190,
         "2010":5039,
         "2011":6410,
         "2012":6904,
         "2013":7638,
         "2014":8523,
         "2015":11003,
         "2016":11778,
         "2017":12719,
         "2018":13339,
         "2019":13649,
         "2020":13904
      },
      "astro-ph":{
         "1988":0,
         "1989":0,
         "1990":0,
         "1991":0,
         "1992":423,
         "1993":2098,
         "1994":5188,
         "1995":10249,
         "1996":15722,
         "1997":25838,
         "1998":41057,
         "1999":51865,
         "2000":65511,
         "2001":82198,
         "2002":103523,
         "2003":132722,
         "2004":162487,
         "2005":191986,
         "2006":222786,
         "2007":240522,
         "2008":257268,
         "2009":277411,
         "2010":288679,
         "2011":298427,
         "2012":305565,
         "2013":312077,
         "2014":317776,
         "2015":324120,
         "2016":339180,
         "2017":344796,
         "2018":349582,
         "2019":354113,
         "2020":355526
      },
      "cond-mat":{
         "1988":0,
         "1989":0,
         "1990":0,
         "1991":0,
         "1992":879,
         "1993":988,
         "1994":1124,
         "1995":1531,
         "1996":1845,
         "1997":2110,
         "1998":2473,
         "1999":2955,
         "2000":3587,
         "2001":3826,
         "2002":4471,
         "2003":5494,
         "2004":6301,
         "2005":6940,
         "2006":8053,
         "2007":8744,
         "2008":9502,
         "2009":10085,
         "2010":11246,
         "2011":12743,
         "2012":14193,
         "2013":16236,
         "2014":18083,
         "2015":19457,
         "2016":21275,
         "2017":22780,
         "2018":23728,
         "2019":24681,
         "2020":25010
      },
      "gr-qc":{
         "1988":0,
         "1989":0,
         "1990":0,
         "1991":0,
         "1992":13,
         "1993":405,
         "1994":701,
         "1995":1604,
         "1996":1758,
         "1997":1417,
         "1998":1640,
         "1999":2774,
         "2000":2388,
         "2001":2772,
         "2002":3345,
         "2003":3082,
         "2004":3719,
         "2005":4206,
         "2006":4666,
         "2007":5204,
         "2008":5106,
         "2009":6246,
         "2010":6903,
         "2011":7143,
         "2012":7293,
         "2013":7416,
         "2014":8629,
         "2015":8087,
         "2016":9380,
         "2017":9852,
         "2018":9519,
         "2019":10415,
         "2020":10515
      },
      "hep-ex":{
         "1988":0,
         "1989":0,
         "1990":0,
         "1991":0,
         "1992":0,
         "1993":0,
         "1994":16,
         "1995":805,
         "1996":2464,
         "1997":4367,
         "1998":12471,
         "1999":15039,
         "2000":17120,
         "2001":21053,
         "2002":23399,
         "2003":29287,
         "2004":32907,
         "2005":35902,
         "2006":41242,
         "2007":44384,
         "2008":45945,
         "2009":48024,
         "2010":51619,
         "2011":55229,
         "2012":71479,
         "2013":75204,
         "2014":78441,
         "2015":82768,
         "2016":85722,
         "2017":88827,
         "2018":91439,
         "2019":93455,
         "2020":94098
      },
      "hep-lat":{
         "1988":0,
         "1989":0,
         "1990":0,
         "1991":0,
         "1992":366,
         "1993":938,
         "1994":2519,
         "1995":3470,
         "1996":5523,
         "1997":6734,
         "1998":8283,
         "1999":9963,
         "2000":11111,
         "2001":12638,
         "2002":15016,
         "2003":16637,
         "2004":18530,
         "2005":20373,
         "2006":21766,
         "2007":23353,
         "2008":25640,
         "2009":28273,
         "2010":29531,
         "2011":30184,
         "2012":31287,
         "2013":32176,
         "2014":32742,
         "2015":33094,
         "2016":33879,
         "2017":34378,
         "2018":34984,
         "2019":35188,
         "2020":35297
      },
      "hep-ph":{
         "1988":0,
         "1989":0,
         "1990":0,
         "1991":0,
         "1992":4601,
         "1993":12981,
         "1994":24023,
         "1995":33579,
         "1996":44759,
         "1997":56142,
         "1998":76040,
         "1999":92657,
         "2000":107846,
         "2001":124631,
         "2002":141647,
         "2003":157973,
         "2004":172197,
         "2005":190656,
         "2006":205952,
         "2007":221961,
         "2008":239138,
         "2009":254353,
         "2010":268598,
         "2011":277657,
         "2012":283857,
         "2013":290689,
         "2014":300741,
         "2015":308189,
         "2016":316127,
         "2017":321061,
         "2018":325144,
         "2019":328341,
         "2020":330294
      },
      "hep-th":{
         "1988":369,
         "1989":369,
         "1990":369,
         "1991":1668,
         "1992":5584,
         "1993":10158,
         "1994":15061,
         "1995":23778,
         "1996":34039,
         "1997":41086,
         "1998":66117,
         "1999":80639,
         "2000":95448,
         "2001":106996,
         "2002":121677,
         "2003":134226,
         "2004":146475,
         "2005":156786,
         "2006":166762,
         "2007":180485,
         "2008":193976,
         "2009":205396,
         "2010":215950,
         "2011":221639,
         "2012":225841,
         "2013":230360,
         "2014":234457,
         "2015":237911,
         "2016":242778,
         "2017":245669,
         "2018":248698,
         "2019":250900,
         "2020":251452
      },
      "math-ph":{
         "1988":0,
         "1989":0,
         "1990":0,
         "1991":0,
         "1992":0,
         "1993":0,
         "1994":0,
         "1995":0,
         "1996":0,
         "1997":44,
         "1998":107,
         "1999":179,
         "2000":353,
         "2001":494,
         "2002":945,
         "2003":1189,
         "2004":1375,
         "2005":1475,
         "2006":1600,
         "2007":1760,
         "2008":1870,
         "2009":2182,
         "2010":2488,
         "2011":2640,
         "2012":2914,
         "2013":3154,
         "2014":3469,
         "2015":3702,
         "2016":3914,
         "2017":4023,
         "2018":4199,
         "2019":4242,
         "2020":4259
      },
      "nlin":{
         "1988":0,
         "1989":0,
         "1990":0,
         "1991":0,
         "1992":0,
         "1993":0,
         "1994":0,
         "1995":0,
         "1996":0,
         "1997":0,
         "1998":0,
         "1999":0,
         "2000":28,
         "2001":46,
         "2002":84,
         "2003":118,
         "2004":142,
         "2005":176,
         "2006":201,
         "2007":219,
         "2008":233,
         "2009":276,
         "2010":278,
         "2011":290,
         "2012":292,
         "2013":296,
         "2014":319,
         "2015":324,
         "2016":329,
         "2017":330,
         "2018":337,
         "2019":339,
         "2020":339
      },
      "nucl-ex":{
         "1988":0,
         "1989":0,
         "1990":0,
         "1991":0,
         "1992":0,
         "1993":0,
         "1994":0,
         "1995":33,
         "1996":143,
         "1997":612,
         "1998":1151,
         "1999":2797,
         "2000":3612,
         "2001":4641,
         "2002":5984,
         "2003":6597,
         "2004":7960,
         "2005":9286,
         "2006":10464,
         "2007":11713,
         "2008":13179,
         "2009":14575,
         "2010":15458,
         "2011":15897,
         "2012":16973,
         "2013":18462,
         "2014":18848,
         "2015":19573,
         "2016":20471,
         "2017":20994,
         "2018":21293,
         "2019":21593,
         "2020":21672
      },
      "nucl-th":{
         "1988":0,
         "1989":0,
         "1990":0,
         "1991":0,
         "1992":0,
         "1993":1586,
         "1994":2629,
         "1995":5172,
         "1996":7983,
         "1997":11057,
         "1998":13836,
         "1999":16076,
         "2000":19140,
         "2001":22126,
         "2002":25383,
         "2003":29999,
         "2004":32319,
         "2005":35281,
         "2006":37887,
         "2007":40124,
         "2008":43096,
         "2009":45488,
         "2010":47910,
         "2011":50496,
         "2012":52096,
         "2013":54245,
         "2014":56185,
         "2015":58119,
         "2016":59435,
         "2017":60314,
         "2018":61334,
         "2019":61923,
         "2020":62246
      },
      "quant-ph":{
         "1988":0,
         "1989":0,
         "1990":0,
         "1991":0,
         "1992":0,
         "1993":0,
         "1994":5,
         "1995":98,
         "1996":521,
         "1997":1057,
         "1998":1726,
         "1999":2338,
         "2000":2484,
         "2001":3026,
         "2002":3136,
         "2003":3694,
         "2004":4036,
         "2005":4387,
         "2006":4624,
         "2007":5112,
         "2008":5417,
         "2009":5559,
         "2010":6124,
         "2011":6460,
         "2012":6886,
         "2013":7191,
         "2014":7582,
         "2015":7834,
         "2016":8250,
         "2017":8584,
         "2018":9002,
         "2019":9255,
         "2020":9391
      },
      "q-bio":{
         "1988":0,
         "1989":0,
         "1990":0,
         "1991":0,
         "1992":0,
         "1993":0,
         "1994":0,
         "1995":0,
         "1996":0,
         "1997":0,
         "1998":0,
         "1999":0,
         "2000":0,
         "2001":0,
         "2002":0,
         "2003":6,
         "2004":37,
         "2005":61,
         "2006":107,
         "2007":178,
         "2008":253,
         "2009":321,
         "2010":419,
         "2011":512,
         "2012":622,
         "2013":708,
         "2014":813,
         "2015":1125,
         "2016":1602,
         "2017":1982,
         "2018":2130,
         "2019":2389,
         "2020":2581
      },
      "q-fin":{
         "1988":0,
         "1989":0,
         "1990":0,
         "1991":0,
         "1992":0,
         "1993":0,
         "1994":0,
         "1995":0,
         "1996":0,
         "1997":0,
         "1998":0,
         "1999":0,
         "2000":0,
         "2001":0,
         "2002":0,
         "2003":0,
         "2004":0,
         "2005":0,
         "2006":0,
         "2007":21,
         "2008":59,
         "2009":94,
         "2010":132,
         "2011":210,
         "2012":327,
         "2013":418,
         "2014":526,
         "2015":587,
         "2016":603,
         "2017":676,
         "2018":695,
         "2019":731,
         "2020":757
      },
      "stat":{
         "1988":0,
         "1989":0,
         "1990":0,
         "1991":0,
         "1992":0,
         "1993":0,
         "1994":0,
         "1995":0,
         "1996":0,
         "1997":0,
         "1998":0,
         "1999":0,
         "2000":0,
         "2001":0,
         "2002":0,
         "2003":0,
         "2004":0,
         "2005":0,
         "2006":0,
         "2007":31,
         "2008":83,
         "2009":161,
         "2010":270,
         "2011":320,
         "2012":349,
         "2013":413,
         "2014":470,
         "2015":541,
         "2016":612,
         "2017":690,
         "2018":776,
         "2019":843,
         "2020":912
      }
   },
   {
      "cs":{
         "1988":0,
         "1989":0,
         "1990":0,
         "1991":0,
         "1992":0,
         "1993":0,
         "1994":0,
         "1995":0,
         "1996":0,
         "1997":0,
         "1998":10,
         "1999":47,
         "2000":212,
         "2001":250,
         "2002":262,
         "2003":302.0,
         "2004":704.0,
         "2005":650.0,
         "2006":710.0,
         "2007":502.0,
         "2008":550.0,
         "2009":642.0,
         "2010":752.0,
         "2011":710.0,
         "2012":910.0,
         "2013":1124.0,
         "2014":1178.0,
         "2015":1450.0,
         "2016":1900.0,
         "2017":3110.0,
         "2018":4232.0,
         "2019":3500.0,
         "2020":1504.0
      },
      "econ":{
         "1988":0,
         "1989":0,
         "1990":0,
         "1991":0,
         "1992":0,
         "1993":0,
         "1994":0,
         "1995":0,
         "1996":0,
         "1997":0,
         "1998":0,
         "1999":0,
         "2000":0,
         "2001":0,
         "2002":0,
         "2003":0,
         "2004":0,
         "2005":0,
         "2006":0,
         "2007":0,
         "2008":0,
         "2009":0,
         "2010":0,
         "2011":0,
         "2012":0,
         "2013":0,
         "2014":0,
         "2015":0,
         "2016":0,
         "2017":35,
         "2018":219,
         "2019":363,
         "2020":274
      },
      "eess":{
         "1988":0,
         "1989":0,
         "1990":0,
         "1991":0,
         "1992":0,
         "1993":0,
         "1994":0,
         "1995":0,
         "1996":0,
         "1997":0,
         "1998":0,
         "1999":0,
         "2000":0,
         "2001":0,
         "2002":0,
         "2003":0,
         "2004":0,
         "2005":0,
         "2006":0,
         "2007":0,
         "2008":0,
         "2009":0,
         "2010":0,
         "2011":0,
         "2012":0,
         "2013":0,
         "2014":0,
         "2015":0,
         "2016":0,
         "2017":214,
         "2018":895,
         "2019":1752,
         "2020":1501
      },
      "math":{
         "1988":0,
         "1989":0,
         "1990":0,
         "1991":0,
         "1992":0,
         "1993":0,
         "1994":0,
         "1995":0,
         "1996":0,
         "1997":0,
         "1998":0,
         "1999":17,
         "2000":195,
         "2001":169,
         "2002":164,
         "2003":282.0,
         "2004":460.0,
         "2005":504.0,
         "2006":446.0,
         "2007":326.0,
         "2008":418.0,
         "2009":280.0,
         "2010":534.0,
         "2011":564.0,
         "2012":324.0,
         "2013":318.0,
         "2014":1524.0,
         "2015":2090.0,
         "2016":2382.0,
         "2017":3146.0,
         "2018":3098.0,
         "2019":3680.0,
         "2020":1966.0
      },
      "physics":{
         "1988":0,
         "1989":0,
         "1990":0,
         "1991":0,
         "1992":0,
         "1993":0,
         "1994":0,
         "1995":0,
         "1996":0,
         "1997":0,
         "1998":28,
         "1999":31,
         "2000":90,
         "2001":37,
         "2002":8,
         "2003":226.0,
         "2004":1060.0,
         "2005":590.0,
         "2006":546.0,
         "2007":332.0,
         "2008":454.0,
         "2009":566.0,
         "2010":530.0,
         "2011":3092.0,
         "2012":904.0,
         "2013":1588.0,
         "2014":3206.0,
         "2015":2386.0,
         "2016":3798.0,
         "2017":3638.0,
         "2018":4032.0,
         "2019":4586.0,
         "2020":2500.0
      },
      "astro-ph":{
         "1988":0,
         "1989":0,
         "1990":0,
         "1991":0,
         "1992":0,
         "1993":1,
         "1994":407,
         "1995":1206,
         "1996":2496,
         "1997":3774,
         "1998":5364,
         "1999":8673,
         "2000":8967,
         "2001":7515,
         "2002":8297,
         "2003":10070.0,
         "2004":5028.0,
         "2005":9018.0,
         "2006":10246.0,
         "2007":14416.0,
         "2008":25964.0,
         "2009":28494.0,
         "2010":25892.0,
         "2011":32772.0,
         "2012":29512.0,
         "2013":35574.0,
         "2014":27694.0,
         "2015":25650.0,
         "2016":22188.0,
         "2017":18036.0,
         "2018":16658.0,
         "2019":12248.0,
         "2020":9262.0
      },
      "cond-mat":{
         "1988":0,
         "1989":0,
         "1990":0,
         "1991":0,
         "1992":0,
         "1993":46,
         "1994":37,
         "1995":103,
         "1996":71,
         "1997":36,
         "1998":187,
         "1999":39,
         "2000":26,
         "2001":140,
         "2002":68,
         "2003":464.0,
         "2004":726.0,
         "2005":624.0,
         "2006":526.0,
         "2007":218.0,
         "2008":344.0,
         "2009":412.0,
         "2010":564.0,
         "2011":460.0,
         "2012":374.0,
         "2013":430.0,
         "2014":1346.0,
         "2015":1608.0,
         "2016":1980.0,
         "2017":3124.0,
         "2018":3034.0,
         "2019":3726.0,
         "2020":1714.0
      },
      "gr-qc":{
         "1988":0,
         "1989":0,
         "1990":0,
         "1991":0,
         "1992":0,
         "1993":0,
         "1994":12,
         "1995":17,
         "1996":32,
         "1997":38,
         "1998":41,
         "1999":79,
         "2000":121,
         "2001":209,
         "2002":271,
         "2003":284.0,
         "2004":293.0,
         "2005":231.0,
         "2006":285.0,
         "2007":294.0,
         "2008":271.0,
         "2009":281.0,
         "2010":374.0,
         "2011":397.0,
         "2012":423.0,
         "2013":477.0,
         "2014":489.0,
         "2015":543.0,
         "2016":621.0,
         "2017":656.0,
         "2018":699.0,
         "2019":789.0,
         "2020":430.0
      },
      "hep-ex":{
         "1988":0,
         "1989":0,
         "1990":0,
         "1991":0,
         "1992":0,
         "1993":0,
         "1994":0,
         "1995":3,
         "1996":58,
         "1997":29,
         "1998":21,
         "1999":288,
         "2000":209,
         "2001":617,
         "2002":416,
         "2003":1128.0,
         "2004":668.0,
         "2005":1446.0,
         "2006":2708.0,
         "2007":638.0,
         "2008":2576.0,
         "2009":1198.0,
         "2010":1722.0,
         "2011":2446.0,
         "2012":2724.0,
         "2013":3426.0,
         "2014":4660.0,
         "2015":5824.0,
         "2016":2894.0,
         "2017":3516.0,
         "2018":3238.0,
         "2019":3990.0,
         "2020":2202.0
      },
      "hep-lat":{
         "1988":0,
         "1989":0,
         "1990":0,
         "1991":0,
         "1992":0,
         "1993":0,
         "1994":75,
         "1995":26,
         "1996":101,
         "1997":29,
         "1998":90,
         "1999":19,
         "2000":58,
         "2001":79,
         "2002":20,
         "2003":716.0,
         "2004":882.0,
         "2005":696.0,
         "2006":424.0,
         "2007":270.0,
         "2008":434.0,
         "2009":294.0,
         "2010":988.0,
         "2011":724.0,
         "2012":910.0,
         "2013":2090.0,
         "2014":2696.0,
         "2015":1998.0,
         "2016":3054.0,
         "2017":3672.0,
         "2018":3806.0,
         "2019":3712.0,
         "2020":1844.0
      },
      "hep-ph":{
         "1988":0,
         "1989":0,
         "1990":0,
         "1991":0,
         "1992":0,
         "1993":65,
         "1994":366,
         "1995":352,
         "1996":856,
         "1997":748,
         "1998":1025,
         "1999":1833,
         "2000":1764,
         "2001":1320,
         "2002":1054,
         "2003":2554.0,
         "2004":4080.0,
         "2005":2744.0,
         "2006":2158.0,
         "2007":1834.0,
         "2008":1622.0,
         "2009":2420.0,
         "2010":3020.0,
         "2011":2724.0,
         "2012":27164.0,
         "2013":25232.0,
         "2014":19944.0,
         "2015":15584.0,
         "2016":15992.0,
         "2017":12348.0,
         "2018":9474.0,
         "2019":9310.0,
         "2020":5114.0
      },
      "hep-th":{
         "1988":0,
         "1989":0,
         "1990":0,
         "1991":0,
         "1992":51,
         "1993":218,
         "1994":407,
         "1995":518,
         "1996":696,
         "1997":787,
         "1998":1690,
         "1999":599,
         "2000":508,
         "2001":1143,
         "2002":1857,
         "2003":3420.0,
         "2004":3034.0,
         "2005":2082.0,
         "2006":1840.0,
         "2007":1790.0,
         "2008":1182.0,
         "2009":2720.0,
         "2010":3892.0,
         "2011":4228.0,
         "2012":10146.0,
         "2013":12448.0,
         "2014":11110.0,
         "2015":10854.0,
         "2016":11682.0,
         "2017":11762.0,
         "2018":8778.0,
         "2019":9952.0,
         "2020":6584.0
      },
      "math-ph":{
         "1988":0,
         "1989":0,
         "1990":0,
         "1991":0,
         "1992":0,
         "1993":0,
         "1994":0,
         "1995":0,
         "1996":0,
         "1997":0,
         "1998":5,
         "1999":0,
         "2000":10,
         "2001":56,
         "2002":0,
         "2003":294.0,
         "2004":412.0,
         "2005":384.0,
         "2006":374.0,
         "2007":288.0,
         "2008":370.0,
         "2009":330.0,
         "2010":412.0,
         "2011":598.0,
         "2012":662.0,
         "2013":364.0,
         "2014":1512.0,
         "2015":1794.0,
         "2016":2110.0,
         "2017":2964.0,
         "2018":3100.0,
         "2019":3676.0,
         "2020":1670.0
      },
      "nlin":{
         "1988":0,
         "1989":0,
         "1990":0,
         "1991":0,
         "1992":0,
         "1993":0,
         "1994":0,
         "1995":0,
         "1996":0,
         "1997":0,
         "1998":0,
         "1999":0,
         "2000":0,
         "2001":10,
         "2002":0,
         "2003":218.0,
         "2004":422.0,
         "2005":436.0,
         "2006":352.0,
         "2007":210.0,
         "2008":250.0,
         "2009":250.0,
         "2010":356.0,
         "2011":320.0,
         "2012":128.0,
         "2013":132.0,
         "2014":1072.0,
         "2015":1508.0,
         "2016":1904.0,
         "2017":2868.0,
         "2018":2958.0,
         "2019":3502.0,
         "2020":1516.0
      },
      "nucl-ex":{
         "1988":0,
         "1989":0,
         "1990":0,
         "1991":0,
         "1992":0,
         "1993":0,
         "1994":0,
         "1995":0,
         "1996":0,
         "1997":4,
         "1998":0,
         "1999":0,
         "2000":93,
         "2001":20,
         "2002":54,
         "2003":270.0,
         "2004":464.0,
         "2005":470.0,
         "2006":508.0,
         "2007":790.0,
         "2008":494.0,
         "2009":582.0,
         "2010":452.0,
         "2011":890.0,
         "2012":878.0,
         "2013":2516.0,
         "2014":2100.0,
         "2015":2702.0,
         "2016":2762.0,
         "2017":3380.0,
         "2018":3254.0,
         "2019":3786.0,
         "2020":1828.0
      },
      "nucl-th":{
         "1988":0,
         "1989":0,
         "1990":0,
         "1991":0,
         "1992":0,
         "1993":15,
         "1994":720,
         "1995":160,
         "1996":58,
         "1997":37,
         "1998":34,
         "1999":95,
         "2000":181,
         "2001":67,
         "2002":235,
         "2003":598.0,
         "2004":546.0,
         "2005":916.0,
         "2006":562.0,
         "2007":346.0,
         "2008":352.0,
         "2009":618.0,
         "2010":690.0,
         "2011":772.0,
         "2012":2814.0,
         "2013":4094.0,
         "2014":3702.0,
         "2015":3330.0,
         "2016":3282.0,
         "2017":4578.0,
         "2018":3556.0,
         "2019":4730.0,
         "2020":1776.0
      },
      "quant-ph":{
         "1988":0,
         "1989":0,
         "1990":0,
         "1991":0,
         "1992":0,
         "1993":0,
         "1994":0,
         "1995":0,
         "1996":49,
         "1997":122,
         "1998":234,
         "1999":116,
         "2000":151,
         "2001":10,
         "2002":61,
         "2003":348.0,
         "2004":524.0,
         "2005":380.0,
         "2006":412.0,
         "2007":656.0,
         "2008":296.0,
         "2009":456.0,
         "2010":416.0,
         "2011":332.0,
         "2012":422.0,
         "2013":280.0,
         "2014":1452.0,
         "2015":1736.0,
         "2016":2054.0,
         "2017":2912.0,
         "2018":3570.0,
         "2019":3622.0,
         "2020":1628.0
      },
      "q-bio":{
         "1988":0,
         "1989":0,
         "1990":0,
         "1991":0,
         "1992":0,
         "1993":0,
         "1994":0,
         "1995":0,
         "1996":0,
         "1997":0,
         "1998":0,
         "1999":0,
         "2000":0,
         "2001":0,
         "2002":0,
         "2003":198.0,
         "2004":396.0,
         "2005":351.0,
         "2006":382.0,
         "2007":206.0,
         "2008":253.0,
         "2009":248.0,
         "2010":350.0,
         "2011":300.0,
         "2012":653.0,
         "2013":821.0,
         "2014":1050.0,
         "2015":1450.0,
         "2016":1900.0,
         "2017":2850.0,
         "2018":2960.0,
         "2019":3500.0,
         "2020":3012.0
      },
      "q-fin":{
         "1988":0,
         "1989":0,
         "1990":0,
         "1991":0,
         "1992":0,
         "1993":0,
         "1994":0,
         "1995":0,
         "1996":0,
         "1997":0,
         "1998":0,
         "1999":0,
         "2000":0,
         "2001":0,
         "2002":0,
         "2003":0,
         "2004":0,
         "2005":0,
         "2006":0,
         "2007":72,
         "2008":141,
         "2009":127,
         "2010":179,
         "2011":99,
         "2012":216,
         "2013":224,
         "2014":267,
         "2015":353,
         "2016":404,
         "2017":381,
         "2018":336,
         "2019":521,
         "2020":108
      },
      "stat":{
         "1988":0,
         "1989":0,
         "1990":0,
         "1991":0,
         "1992":0,
         "1993":0,
         "1994":0,
         "1995":0,
         "1996":0,
         "1997":0,
         "1998":0,
         "1999":0,
         "2000":0,
         "2001":0,
         "2002":0,
         "2003":0,
         "2004":0,
         "2005":0,
         "2006":0,
         "2007":161,
         "2008":250.0,
         "2009":281.0,
         "2010":326.0,
         "2011":412.0,
         "2012":490.0,
         "2013":565.0,
         "2014":693.0,
         "2015":887.0,
         "2016":1210.0,
         "2017":1629.0,
         "2018":2950.0,
         "2019":3530.0,
         "2020":1500.0
      }
   },
   {
      "cs":{
         "1988":0,
         "1989":0,
         "1990":0,
         "1991":0,
         "1992":0,
         "1993":0,
         "1994":0,
         "1995":0,
         "1996":0,
         "1997":0,
         "1998":0,
         "1999":0,
         "2000":24,
         "2001":80,
         "2002":170,
         "2003":200,
         "2004":261,
         "2005":321,
         "2006":398,
         "2007":611,
         "2008":726,
         "2009":813,
         "2010":2040,
         "2011":2610,
         "2012":3003,
         "2013":3061,
         "2014":3271,
         "2015":4231,
         "2016":5612,
         "2017":7612,
         "2018":8827,
         "2019":9861,
         "2020":10728
      },
      "econ":{
         "1988":0,
         "1989":0,
         "1990":0,
         "1991":0,
         "1992":0,
         "1993":0,
         "1994":0,
         "1995":0,
         "1996":0,
         "1997":0,
         "1998":0,
         "1999":0,
         "2000":0,
         "2001":0,
         "2002":0,
         "2003":0,
         "2004":0,
         "2005":0,
         "2006":0,
         "2007":0,
         "2008":0,
         "2009":0,
         "2010":0,
         "2011":0,
         "2012":0,
         "2013":0,
         "2014":0,
         "2015":0,
         "2016":0,
         "2017":0,
         "2018":0,
         "2019":34,
         "2020":313
      },
      "eess":{
         "1988":0,
         "1989":0,
         "1990":0,
         "1991":0,
         "1992":0,
         "1993":0,
         "1994":0,
         "1995":0,
         "1996":0,
         "1997":0,
         "1998":0,
         "1999":0,
         "2000":0,
         "2001":0,
         "2002":0,
         "2003":0,
         "2004":0,
         "2005":0,
         "2006":0,
         "2007":0,
         "2008":0,
         "2009":0,
         "2010":0,
         "2011":0,
         "2012":0,
         "2013":0,
         "2014":0,
         "2015":0,
         "2016":0,
         "2017":0,
         "2018":0,
         "2019":126,
         "2020":927
      },
      "math":{
         "1988":0,
         "1989":0,
         "1990":0,
         "1991":0,
         "1992":0,
         "1993":0,
         "1994":0,
         "1995":0,
         "1996":0,
         "1997":0,
         "1998":0,
         "1999":0,
         "2000":17,
         "2001":212,
         "2002":381,
         "2003":545,
         "2004":586,
         "2005":616,
         "2006":693,
         "2007":741,
         "2008":804,
         "2009":888,
         "2010":903,
         "2011":995,
         "2012":1127,
         "2013":1239,
         "2014":1348,
         "2015":1585,
         "2016":1905,
         "2017":2146,
         "2018":2294,
         "2019":2368,
         "2020":2458
      },
      "physics":{
         "1988":0,
         "1989":0,
         "1990":0,
         "1991":0,
         "1992":0,
         "1993":0,
         "1994":0,
         "1995":0,
         "1996":0,
         "1997":0,
         "1998":0,
         "1999":28,
         "2000":59,
         "2001":149,
         "2002":186,
         "2003":194,
         "2004":207,
         "2005":537,
         "2006":657,
         "2007":755,
         "2008":821,
         "2009":923,
         "2010":1081,
         "2011":1171,
         "2012":2567,
         "2013":2969,
         "2014":3713,
         "2015":4791,
         "2016":5259,
         "2017":6208,
         "2018":6602,
         "2019":7143,
         "2020":7686
      },
      "astro-ph":{
         "1988":0,
         "1989":0,
         "1990":0,
         "1991":0,
         "1992":0,
         "1993":0,
         "1994":1,
         "1995":408,
         "1996":1614,
         "1997":4110,
         "1998":7884,
         "1999":13248,
         "2000":21921,
         "2001":30888,
         "2002":38403,
         "2003":46700,
         "2004":51635,
         "2005":53949,
         "2006":58283,
         "2007":63231,
         "2008":70339,
         "2009":83196,
         "2010":97318,
         "2011":110089,
         "2012":126325,
         "2013":141031,
         "2014":158768,
         "2015":172090,
         "2016":184190,
         "2017":194334,
         "2018":201927,
         "2019":208781,
         "2020":213155
      },
      "cond-mat":{
         "1988":0,
         "1989":0,
         "1990":0,
         "1991":0,
         "1992":0,
         "1993":0,
         "1994":46,
         "1995":83,
         "1996":186,
         "1997":257,
         "1998":293,
         "1999":480,
         "2000":519,
         "2001":545,
         "2002":685,
         "2003":753,
         "2004":885,
         "2005":1848,
         "2006":1985,
         "2007":2102,
         "2008":2876,
         "2009":3261,
         "2010":4005,
         "2011":4378,
         "2012":5329,
         "2013":7042,
         "2014":8989,
         "2015":9048,
         "2016":10011,
         "2017":14879,
         "2018":15021,
         "2019":16891,
         "2020":24572
      },
      "gr-qc":{
         "1988":0,
         "1989":0,
         "1990":0,
         "1991":0,
         "1992":0,
         "1993":0,
         "1994":0,
         "1995":118,
         "1996":225,
         "1997":368,
         "1998":561,
         "1999":888,
         "2000":1045,
         "2001":1280,
         "2002":1494,
         "2003":1650,
         "2004":1766,
         "2005":2041,
         "2006":2224,
         "2007":2344,
         "2008":2904,
         "2009":3189,
         "2010":3607,
         "2011":3983,
         "2012":4591,
         "2013":4788,
         "2014":4989,
         "2015":5201,
         "2016":5401,
         "2017":5915,
         "2018":6080,
         "2019":7607,
         "2020":8107
      },
      "hep-ex":{
         "1988":0,
         "1989":0,
         "1990":0,
         "1991":0,
         "1992":0,
         "1993":0,
         "1994":0,
         "1995":0,
         "1996":3,
         "1997":61,
         "1998":90,
         "1999":111,
         "2000":399,
         "2001":608,
         "2002":1225,
         "2003":1641,
         "2004":2105,
         "2005":2239,
         "2006":2787,
         "2007":3966,
         "2008":4185,
         "2009":5348,
         "2010":5822,
         "2011":6508,
         "2012":7581,
         "2013":8893,
         "2014":10556,
         "2015":12361,
         "2016":14548,
         "2017":15045,
         "2018":15378,
         "2019":15522,
         "2020":15767
      },
      "hep-lat":{
         "1988":0,
         "1989":0,
         "1990":0,
         "1991":0,
         "1992":0,
         "1993":0,
         "1994":0,
         "1995":75,
         "1996":101,
         "1997":202,
         "1998":231,
         "1999":321,
         "2000":340,
         "2001":398,
         "2002":477,
         "2003":497,
         "2004":755,
         "2005":996,
         "2006":1169,
         "2007":1206,
         "2008":1241,
         "2009":1333,
         "2010":1355,
         "2011":1674,
         "2012":1886,
         "2013":2291,
         "2014":3286,
         "2015":4109,
         "2016":4383,
         "2017":4960,
         "2018":5371,
         "2019":5799,
         "2020":5905
      },
      "hep-ph":{
         "1988":0,
         "1989":0,
         "1990":0,
         "1991":0,
         "1992":0,
         "1993":0,
         "1994":65,
         "1995":431,
         "1996":783,
         "1997":1639,
         "1998":2387,
         "1999":3412,
         "2000":5245,
         "2001":7009,
         "2002":8329,
         "2003":9383,
         "2004":10560,
         "2005":12400,
         "2006":13597,
         "2007":14501,
         "2008":15318,
         "2009":16004,
         "2010":17089,
         "2011":18424,
         "2012":19636,
         "2013":33168,
         "2014":45734,
         "2015":55181,
         "2016":62248,
         "2017":69294,
         "2018":74043,
         "2019":77305,
         "2020":80210
      },
      "hep-th":{
         "1988":0,
         "1989":0,
         "1990":0,
         "1991":0,
         "1992":0,
         "1993":51,
         "1994":269,
         "1995":676,
         "1996":1194,
         "1997":1890,
         "1998":2677,
         "1999":4367,
         "2000":4966,
         "2001":5474,
         "2002":6617,
         "2003":8474,
         "2004":10084,
         "2005":11401,
         "2006":12267,
         "2007":13012,
         "2008":13807,
         "2009":14273,
         "2010":15508,
         "2011":17279,
         "2012":19243,
         "2013":24266,
         "2014":30440,
         "2015":35470,
         "2016":40172,
         "2017":45063,
         "2018":49519,
         "2019":52433,
         "2020":55659
      },
      "math-ph":{
         "1988":0,
         "1989":0,
         "1990":0,
         "1991":0,
         "1992":0,
         "1993":0,
         "1994":0,
         "1995":0,
         "1996":0,
         "1997":0,
         "1998":0,
         "1999":5,
         "2000":5,
         "2001":15,
         "2002":71,
         "2003":71,
         "2004":118,
         "2005":124,
         "2006":141,
         "2007":153,
         "2008":197,
         "2009":257,
         "2010":297,
         "2011":328,
         "2012":477,
         "2013":758,
         "2014":890,
         "2015":1121,
         "2016":1293,
         "2017":1398,
         "2018":1455,
         "2019":1530,
         "2020":1618
      },
      "nlin":{
         "1988":0,
         "1989":0,
         "1990":0,
         "1991":0,
         "1992":0,
         "1993":0,
         "1994":0,
         "1995":0,
         "1996":0,
         "1997":0,
         "1998":0,
         "1999":0,
         "2000":0,
         "2001":0,
         "2002":67,
         "2003":82,
         "2004":126,
         "2005":375,
         "2006":513,
         "2007":621,
         "2008":717,
         "2009":868,
         "2010":919,
         "2011":1271,
         "2012":1968,
         "2013":2004,
         "2014":2063,
         "2015":2632,
         "2016":2989,
         "2017":3123,
         "2018":3409,
         "2019":3521,
         "2020":3610
      },
      "nucl-ex":{
         "1988":0,
         "1989":0,
         "1990":0,
         "1991":0,
         "1992":0,
         "1993":0,
         "1994":0,
         "1995":0,
         "1996":0,
         "1997":0,
         "1998":4,
         "1999":4,
         "2000":4,
         "2001":97,
         "2002":117,
         "2003":171,
         "2004":206,
         "2005":238,
         "2006":298,
         "2007":377,
         "2008":672,
         "2009":794,
         "2010":960,
         "2011":1011,
         "2012":1306,
         "2013":1695,
         "2014":2903,
         "2015":3428,
         "2016":4054,
         "2017":4485,
         "2018":4750,
         "2019":4902,
         "2020":5045
      },
      "nucl-th":{
         "1988":0,
         "1989":0,
         "1990":0,
         "1991":0,
         "1992":0,
         "1993":0,
         "1994":15,
         "1995":735,
         "1996":895,
         "1997":953,
         "1998":990,
         "1999":1024,
         "2000":1119,
         "2001":1300,
         "2002":1367,
         "2003":1602,
         "2004":1801,
         "2005":1874,
         "2006":2157,
         "2007":2263,
         "2008":2336,
         "2009":2387,
         "2010":2571,
         "2011":2741,
         "2012":2977,
         "2013":4334,
         "2014":6331,
         "2015":7657,
         "2016":8597,
         "2017":9288,
         "2018":10152,
         "2019":10455,
         "2020":11070
      },
      "quant-ph":{
         "1988":0,
         "1989":0,
         "1990":0,
         "1991":0,
         "1992":0,
         "1993":0,
         "1994":0,
         "1995":0,
         "1996":0,
         "1997":49,
         "1998":171,
         "1999":405,
         "2000":521,
         "2001":672,
         "2002":682,
         "2003":743,
         "2004":817,
         "2005":879,
         "2006":894,
         "2007":925,
         "2008":1153,
         "2009":1176,
         "2010":1279,
         "2011":1312,
         "2012":1328,
         "2013":1489,
         "2014":1579,
         "2015":1780,
         "2016":1923,
         "2017":2000,
         "2018":2031,
         "2019":2341,
         "2020":2402
      },
      "q-bio":{
         "1988":0,
         "1989":0,
         "1990":0,
         "1991":0,
         "1992":0,
         "1993":0,
         "1994":0,
         "1995":0,
         "1996":0,
         "1997":0,
         "1998":0,
         "1999":0,
         "2000":0,
         "2001":0,
         "2002":0,
         "2003":0,
         "2004":0,
         "2005":7,
         "2006":62,
         "2007":184,
         "2008":274,
         "2009":322,
         "2010":391,
         "2011":436,
         "2012":516,
         "2013":720,
         "2014":860,
         "2015":899,
         "2016":945,
         "2017":1012,
         "2018":1347,
         "2019":1578,
         "2020":1880
      },
      "q-fin":{
         "1988":0,
         "1989":0,
         "1990":0,
         "1991":0,
         "1992":0,
         "1993":0,
         "1994":0,
         "1995":0,
         "1996":0,
         "1997":0,
         "1998":0,
         "1999":0,
         "2000":0,
         "2001":0,
         "2002":0,
         "2003":0,
         "2004":0,
         "2005":0,
         "2006":0,
         "2007":0,
         "2008":0,
         "2009":44,
         "2010":92,
         "2011":161,
         "2012":234,
         "2013":298,
         "2014":365,
         "2015":413,
         "2016":586,
         "2017":630,
         "2018":712,
         "2019":870,
         "2020":1030
      },
      "stat":{
         "1988":0,
         "1989":0,
         "1990":0,
         "1991":0,
         "1992":0,
         "1993":0,
         "1994":0,
         "1995":0,
         "1996":0,
         "1997":0,
         "1998":0,
         "1999":0,
         "2000":0,
         "2001":0,
         "2002":0,
         "2003":0,
         "2004":0,
         "2005":0,
         "2006":0,
         "2007":0,
         "2008":0,
         "2009":67,
         "2010":181,
         "2011":226,
         "2012":340,
         "2013":492,
         "2014":583,
         "2015":780,
         "2016":991,
         "2017":1816,
         "2018":2654,
         "2019":3012,
         "2020":4540
      }
   }
]