[
   {
      "year":"2010",
      "count":"30000"
   },
   {
      "year":"2011",
      "count":"50500"
   },
   {
      "year":"2012",
      "count":"60003"
   },
   {
      "year":"2013 ",
      "count":"65000"
   },
   {
      "year":"2014",
      "count":"70000"
   },
   {
      "year":"2015",
      "count":"75000"
   },
   {
      "year":"2016",
      "count":"80000"
   },
   {
      "year":"2017",
      "count":"120000"
   },
   {
      "year":"2018",
      "count":"160000"
   },
   {
      "year":"2019",
      "count":"200000"
   },
   {
      "year":"2020",
      "count":"270000"
   }
]